{
  "name": "DEFAULT",
  "plane": {
    "distance_m": 1.6999999284744263,
    "height_m": 1.0,
    "width_m": 1.0,
    "x_m": 0.0,
    "y_m": -0.019999999552965164
  }
}
