{
  "name": "Iwatake",
  "plane": {
    "distance_m": 1.53000009059906,
    "height_m": 0.9900000095367432,
    "width_m": 0.9900000095367432,
    "x_m": -0.7399995923042297,
    "y_m": -0.059999994933605194
  }
}
